Title,Type,URL,What It Is / Why It Matters
LeanScale Home,Website,https://leanscale.team,Quick overview of who LeanScale is and what we do.
LeanScale YouTube Channel,YouTube,https://www.youtube.com/@leanscale,"All our RevOps, GTM Ops, and growth videos in one place."
Services Overview,Website,https://leanscale.team/services/,Simple breakdown of our main services and how we help GTM teams.
Intro to LeanScale,Article,https://leanscale.team/introducing-leanscale-for-b2b-startups/,High-level intro to our approach for B2B startups.
Growth Modeling & Capacity Planning,Video,https://www.youtube.com/watch?v=aCcS8tFl2zY,Popular walkthrough on how to plan headcount and growth realistically.
Lean Startups Guide,Article,https://leanscale.team/lean-startups/,Our point of view on how modern startups should operate and scale.
Ecosystem-Led Growth,Article,https://leanscale.team/eco-led-startups/,Short read on building through partnerships and ecosystems.
GTM Lifecycle Guide,Docs,https://docs.leanscale.team/go-to-market-lifecycle/go-to-market-lifecycle,Full walkthrough of the GTM process from lead to renewal.
CRM Setup Basics,Docs,https://docs.leanscale.team/gtm-tech-stack/crm-considerations,What a solid CRM setup should look like and how to keep it clean.
Lead Source Playbook,Docs,https://docs.leanscale.team/lead-attribution/lead-source-taxonomy,How to organize and track lead sources the right way.
Sales Territories Guide,Docs,https://docs.leanscale.team/strategic-walkthroughs/building-sales-territories,"How to design fair, logical sales territories as you scale."
Marketing Dashboards Guide,Docs,https://docs.leanscale.team/strategic-walkthroughs/building-dashboards/marketing-dashboards,Key dashboards every GTM team should have and how to build them.